dataSource	Original springflow	Modified springflow	Difference
e842dd5ea7186eed25ea83e8af1e6a51.csv	18.141634	14.816597	3.325037
0b20650e758e986a647296acb9dfb307.csv	18.073769	14.748096	3.325673
a60872038681d0bea55cba110aaeab10.csv	18.092989	14.767298	3.325691
89e6d5775d5cba354d7b39b6837e9a61.csv	18.196205	14.87011	3.326095
08f25a734933154e66c99a5af7600850.csv	18.0467	14.719278	3.327422
dc655263c4ca5e9e079e47f6aa6a19d0.csv	18.198853	14.871326	3.327527
1c816efddff2730bc5cd1e5ede860921.csv	18.269384	14.94071	3.328674
9eb4e4ea0290c9dcf9f2f29e6b9b4e23.csv	18.145908	14.816597	3.329311
5d84cb7ccbb474b828677184cd35ec00.csv	18.24125	14.911681	3.329569
48aff86f9997a7cd53cf530eb2615f8d.csv	18.078028	14.748096	3.329932
b10a9d4f8ba31e7853a2b0c6210baeda.csv	18.097277	14.767298	3.329979
e15a3ff0d5f31a27bca3cdea8e8daa05.csv	18.049553	14.719278	3.330275
2d460f2a8c6b0f40bc5fef2b14a038c7.csv	18.144188	14.81337	3.330818
09407e3c42c0c8c099156ceae4f2c1fa.csv	17.722042	14.390427	3.331615
43003c21cb5148903bb9c7d9f23d8573.csv	18.129803	14.797602	3.332201
27c4b1665f1cf1e7a4d5000093b689ae.csv	17.721788	14.3895035	3.3322845
31b719ed9e1997a003c143e9cd4bd306.csv	17.952541	14.620185	3.332356
51007fc020aa63949f1ebb007b4e8a5f.csv	18.210798	14.877704	3.333094
4a13c2c5823ad9fcd957bebd58f10e71.csv	18.052397	14.719278	3.333119
1f611617fc13f479e630e269a20895aa.csv	18.150204	14.816597	3.333607
dbe6c9cea0fefeed626cbd711fbfca44.csv	18.245857	14.912014	3.333843
89b6302f4c9abb99bf47b60f883da6b1.csv	18.101534	14.767298	3.334236
9c3a8c5cbe430bda29f226843f572895.csv	18.055235	14.719278	3.335957
af65e1abc8cfb4b48dbc38102bacddf2.csv	18.216782	14.88034	3.336442
0fccdf4ca30a1178314035c3a3cd124c.csv	18.219421	14.881544	3.337877
e7adad3537704253a5048db4fac2fee3.csv	17.6971	14.359134	3.337966
476a54730fd94366662e0c5b03c4a427.csv	18.105816	14.767298	3.338518
de18814c2125f4a86e05ce638001b93b.csv	18.05808	14.719278	3.338802
225a171fc7e47119939f26d0204ccc9b.csv	17.730341	14.38997	3.340371
51af9b0ad1b6742eb81d78675bde683d.csv	18.164717	14.823617	3.3411
96e7cca15b52d1e98fdfc980423bdad5.csv	18.060917	14.719278	3.341639
13be394f6d196c200b1740a931565788.csv	18.11009	14.767298	3.342792
70b4eadbda0f1fd560656f288d2ac665.csv	18.063766	14.719278	3.344488
d3493f775d94b24c5b6ef092d953ef60.csv	18.237595	14.890552	3.347043
e65451d00ac48a3fee666f7f5df24711.csv	18.114359	14.767298	3.347061
f4a320b484477a5f77a487c81ee4cde4.csv	17.718939	14.370502	3.348437
1c2a6ab937712f92971281e92ce793d1.csv	18.240213	14.891765	3.348448
1bb01986ebe832da5e7cc46232951c08.csv	18.231298	14.881025	3.350273
898cbc7ed8d7a2ce6e7d79ba1700fd2b.csv	18.122799	14.772513	3.350286
7ee49d122c6ed6dda112f33122336dd4.csv	17.72179	14.370502	3.351288
0457109d840ddb81b98beae1a17599e2.csv	18.185286	14.83333	3.351956
f5cc457ccc3d65fbaf20c346d2684162.csv	18.252195	14.891261	3.360934
932bbda3d7eeed085827f1951b964b47.csv	18.20579	14.84356	3.36223
756fd8d6b43cf18c6ddd99ff144f685f.csv	17.440786	14.072069	3.368717
d618e40ba9ba5b2b4f79b9460c8b45d1.csv	18.27266	14.901502	3.371158
874049cc88667f35103e4d80ba151820.csv	18.115782	14.741497	3.374285
0dcdc52baff2e201863d7777e1d86b37.csv	18.293251	14.911745	3.381506
bbf422b9daf547b5678be578b175e547.csv	17.325798	13.942901	3.382897
4101d3dccaf728c58b932b786b0f594f.csv	17.436388	14.050936	3.385452
7a4cc658938c2cb4b2504287b7d3a3f2.csv	17.672995	14.287045	3.38595
fd2e2e1a80d26924050999e52a1de304.csv	18.10875	14.720479	3.388271
912f560b8e33ec591e1d558f90b6249d.csv	17.493076	14.099841	3.393235
2c671c4c028a8dce81b085545fcc60da.csv	17.649195	14.2519245	3.3972705
16b60f9497d9a6b1b58d52d3b2d61157.csv	17.430761	14.032744	3.398017
89a50cb37f9bd7ca0430b3f49c8d542c.csv	17.323498	13.923904	3.399594
08746577fb640888ebe2474f8bf96b05.csv	17.434599	14.034887	3.399712
d05b2b80f612eaf24873f0b4f749c9f0.csv	17.652237	14.2519245	3.4003125
bd8ad841aa65f18e4e1bee7a5caf11e5.csv	18.101711	14.700601	3.40111
e5855f3ca285be7d4bc5bdf9f44268bb.csv	18.313759	14.909048	3.404711
d71cf02ebf0951517d235d7f793225f4.csv	18.080719	14.6740265	3.4066925
281b6a96dc1158eba8ae305f5ef995db.csv	17.49269	14.082051	3.410639
244526404f12eaa79949c4ce305a880d.csv	17.590212	14.17921	3.411002
d96b6c0f91bdd90c29c37ac91c0d1ca2.csv	17.645943	14.232931	3.413012
894866ec40d0ad37f7c8bd312b75ede6.csv	17.389305	13.974008	3.415297
99605d715f6c94ff250f4b270623187f.csv	17.64898	14.232931	3.416049
f800c8cd18ec868979d9356801cae835.csv	17.586216	14.17011	3.416106
81c085071d25226c3fae4a9195e9cb2a.csv	17.651012	14.234149	3.416863
c83687d049d0704222de71b22b3e6ed4.csv	17.649944	14.232931	3.417013
207deee0d44a396018ec534c24472002.csv	17.48772	14.064789	3.422931
60bedcc955e7ffdbd7544e1ab4323412.csv	18.073729	14.650614	3.423115
7b2f5c338a2c658b51b407743db4ec1c.csv	18.087715	14.662949	3.424766
329b3069ac7b24f73b3b1620e37235c6.csv	17.489813	14.064789	3.425024
522f7ae0502ce5d582d9b604a4bdade4.csv	17.573406	14.142798	3.430608
5263bc508d1e155c865aa9f86469292c.csv	18.06671	14.632549	3.434161
c577fa22b5de63dd332923450f0d1187.csv	18.06956	14.632549	3.437011
55594a43cfeee30634fbe8008bdff1bf.csv	18.072401	14.632549	3.439852
3f5031588bb3f91cf8526d4696b45203.csv	18.075247	14.632549	3.442698
c7e764fbf7a307a66ce304ba6af7a6ca.csv	18.078087	14.632549	3.445538
2488dfbbbba24fa293c0bac6658a858b.csv	18.080933	14.632549	3.448384
c151d192b2f053851d15af96f2103752.csv	17.829943	14.380447	3.449496
bfaa8ac8c127d8bd0864a8af41fcfa54.csv	17.780539	14.330036	3.450503
be68398622fa4b4bb7e278bd4fcba93a.csv	18.083736	14.632549	3.451187
71dc61df2e5e58f85437008ea8030e36.csv	18.086563	14.632549	3.454014
8c7cf4a1806555540f7b3a8d579462d1.csv	18.089415	14.632549	3.456866
de1b9c07e112956afb04c421d6655882.csv	17.840195	14.380784	3.459411
fd371a74be2a7217c9594dccabcf0c74.csv	18.092253	14.632549	3.459704
c2468184322f311bf6c8421364d55bee.csv	18.095098	14.632549	3.462549
dace80b17f385eae8bc3915085ec5477.csv	18.097937	14.632549	3.465388
d25ff41d54fb5e7a3550150a2aeaf6d7.csv	17.847662	14.380784	3.466878
969541504a220f5b3b7cabfcc1980190.csv	18.10078	14.632549	3.468231
dea0b18b07e15d2497a32d26573d55dd.csv	17.864243	14.393905	3.470338
f5532b855fba11e0a31b3f10016e1220.csv	18.103615	14.632549	3.471066
cf2f6c752b5e584bef208db9f82f1ad5.csv	18.10644	14.632549	3.473891
3727207d6fcb0088e22607a3513d7554.csv	18.109272	14.632549	3.476723
312d77fd1fc5d5e760dd7b6c441263e8.csv	17.854597	14.372443	3.482154
b459210bea089ef722642de12cec6d7f.csv	17.850248	14.363035	3.487213
9d0b96e75b5c2d82b36ffdd463bc3ce4.csv	17.685747	14.1939125	3.4918345
f85fcd30b710849ca1c2de53cf43e85c.csv	17.725338	14.231726	3.493612
a95297d76b270567898bf235adbf245b.csv	17.715664	14.221058	3.494606
05589dc2e3a2e4d17e6c1b96896445fc.csv	17.651129	14.144965	3.506164
8b87b1afe361c064c1d8d29dd905738d.csv	17.625355	14.115884	3.509471
d1b13ec3f360c5dcef757175f97aefb6.csv	17.641306	14.126793	3.514513
f28377c3e472a22555d957672dea83c9.csv	17.914877	14.399839	3.515038
16a2365f9b915e13a2486c61b33baf45.csv	17.644186	14.128931	3.515255
eb1858eb882b9bfc3d631b1bc10ef634.csv	17.195368	13.671978	3.52339
c1b9e23dc51c3091596dba04fd85d7f8.csv	17.181387	13.6575365	3.5238505
88bbe7f3aa666035b71aaf4f168db7fc.csv	17.184742	13.659686	3.525056
13c3cf86ac4bbf8c053d2b74387047e0.csv	17.184448	13.6575365	3.5269115
b0dc387bc85b60e79254af289b42f9cf.csv	17.926569	14.394041	3.532528
49829bce3327ff78c8e12039d5143070.csv	17.530039	13.99465	3.535389
758bc5a55f7a1dee60ba0d860531e7ff.csv	17.177143	13.640734	3.536409
853fb31f280fd044450c408a7daf35f9.csv	17.432453	13.895407	3.537046
178d37a178df51d1e892a751df6490e9.csv	17.403486	13.865371	3.538115
b9cb130a91c461bd121a4bdc1594cdff.csv	17.18549	13.647192	3.538298
9a749d4e80da9b319e7417f56ed1cfe5.csv	17.17834	13.639514	3.538826
b7f6b2f1f9c1b1bc17a45d56c637b7b6.csv	17.18888	13.649335	3.539545
2f714d1da0f546340530d72d5c6981c4.csv	17.19067	13.650869	3.539801
a19f79cd51121f38c5c61efff863b21a.csv	17.676851	14.135879	3.540972
3c1573cfc5ae6b637a0e329be4c60a2c.csv	17.406506	13.865371	3.541135
8e69d98bac0010dc378825156050afb4.csv	17.656788	14.115464	3.541324
ef4df9b1740ad6ad36cf8d6759cba450.csv	17.602194	14.059819	3.542375
698139f2c0e7f078d15f85034dbe233a.csv	17.659634	14.115464	3.54417
46cb5e63d5dad6648a98f4684b5fac4f.csv	17.587639	14.042642	3.544997
b3f780af45e0e1deea28b3742262c1d8.csv	17.247446	13.699938	3.547508
160221ab5ee4589992927a0da13777b4.csv	17.84568	14.296483	3.549197
c2974cd3e5dbcc5627ee2ed9e16cadd4.csv	17.527569	13.974733	3.552836
69727fe2028684b0a2cfb692c8f7ae1a.csv	17.088346	13.5353775	3.5529685
27e4a73545901868e52781fe7c8c8c52.csv	17.15199	13.598913	3.553077
4b1b20873120193635ecb78652d46465.csv	17.594496	14.040826	3.55367
2f5021a2fb38265a1a4d479093a46cca.csv	17.400238	13.846412	3.553826
1a809aee32bfdf9c1885035eb3273f76.csv	17.595371	14.040826	3.554545
1c4dc0e9935baf6bf511712d096cf849.csv	17.53058	13.974733	3.555847
fdb74b5b66419f4192a2ab92f045fb63.csv	17.40325	13.846412	3.556838
b7c7af0de5708022f3fc1b8f27697508.csv	17.405283	13.847629	3.557654
2602d9e6cdddf27f7cccf771765324d5.csv	17.404215	13.846412	3.557803
89252c16c3667ba583d621212c1e3b26.csv	17.24207	13.67957	3.5625
b6acd459038672e6155c6ae827f913cb.csv	17.244179	13.67957	3.564609
1af2697e44f0787ade87a678b233e061.csv	17.247034	13.682186	3.564848
47eaaf3c60e1c0f050c3b49aa2de4b29.csv	17.500006	13.930722	3.569284
a6bbed7e57e837c23d70806b4d8fa1ec.csv	17.086056	13.5160675	3.5699885
ea6b1a2167c0be9b55e4670624610a1e.csv	17.3279	13.756982	3.570918
df99d302909116e39ee2028ce3c1d044.csv	17.563704	13.978804	3.5849
9728fae9afb765875a595a87947908c4.csv	18.048483	14.447336	3.601147
2ed5c457c3f84e48ad58a1c16523f860.csv	18.052706	14.447336	3.60537
90904e3c9826d8fa129b2c0486b54db6.csv	18.05696	14.447336	3.609624
ab4a6dee28526183c29125d0d73cbf4c.csv	18.061209	14.447336	3.613873
dfe6ac82b793afebf87e67d231c61271.csv	18.065466	14.447336	3.61813
657bd4c7e0b4f04fd60b565beaffbb36.csv	18.069752	14.447336	3.622416
f647fb8aa05aa33f717471791b94a090.csv	17.592993	13.967919	3.625074
9d27d79d932e54a7b7426881a76c68e7.csv	17.54363	13.917901	3.625729
22d0f3c206ad069706f6461ef43c6cf1.csv	18.074015	14.447336	3.626679
b1eb70fce4c6476fa958ced466fd1a15.csv	18.07829	14.447336	3.630954
4a8b4421250d280202373fb30350a953.csv	18.082556	14.447336	3.63522
c103988ee9af2d0080d9874dfcef7997.csv	18.086832	14.447336	3.639496
2b9d8bc2280afe9f3329eefe622f04a1.csv	18.088264	14.447336	3.640928
612300dcb7ce316b3ea3165170c01e3f.csv	18.089144	14.447336	3.641808
34fef4de5e45d5cf58ba5a2b4861781a.csv	18.090015	14.447336	3.642679
bda23083192761fd57f5ac3160dc18f2.csv	17.627117	13.983792	3.643325
3c693404c9e3d01fbe4c2584f6536b10.csv	18.090889	14.447336	3.643553
c5e02e7c8196686308c9063f1bed473b.csv	18.091116	14.447336	3.64378
caef43118847bf3713e33354baa8dda1.csv	18.091759	14.447336	3.644423
d9cf55280f611817679c15961a57d398.csv	18.092636	14.447336	3.6453
97c89200bb7073d8dccb82326c83908b.csv	18.09352	14.447336	3.646184
e574f15158d880bb6a8cf02d23dea660.csv	18.093943	14.447336	3.646607
d9a9f77d3f8728cce317a22c2f1eacca.csv	18.094696	14.447336	3.64736
b94ff8e2919768cb05703bbc3fde867c.csv	18.095388	14.447336	3.648052
febdd2baaf5facd0afca75c825c8e7ec.csv	18.095568	14.447336	3.648232
6584600377d87c111938de8acb78a22c.csv	18.096437	14.447336	3.649101
b2bd8251bc5e6b1d37c342761757caa6.csv	18.096785	14.447336	3.649449
90061e9ec9d9c3e79d7b43c528ae0867.csv	18.097313	14.447336	3.649977
79c787c63034bce10b4749c77595fe42.csv	18.098192	14.447336	3.650856
408450084b3c2dfeaaea6a7929e57ae7.csv	18.099073	14.447336	3.651737
27fc83f26e86deb8e5a6d942c4b54db1.csv	18.099628	14.447336	3.652292
71f397e2d612363b14e5578649539ccf.csv	18.099638	14.447336	3.652302
3ddc5e214c826378868ed123c4cd22b0.csv	18.099949	14.447336	3.652613
380524d08598aebad035effe259df987.csv	18.100153	14.447336	3.652817
fb02ca16009b8624bea3caf47287b53c.csv	18.100822	14.447336	3.653486
9541984ae0f6f84c5fdac7f301298700.csv	18.101702	14.447336	3.654366
aaf19b7cabe275f2fce8fdf2bf7fdaca.csv	18.102451	14.447336	3.655115
f2c238561a8f8e5188513ae129d88ea2.csv	18.102997	14.447336	3.655661
6d6c5bf1fd9529e99982a8117506baa5.csv	18.103878	14.447336	3.656542
6bb5f42ea18a44874ff18b68b6d3400e.csv	17.603117	13.946467	3.65665
6ac75cceeb5e08759ddee46e3df8b748.csv	17.6175	13.959994	3.657506
088aca7540479d99f86aefd0d2a4eae2.csv	18.105305	14.447336	3.657969
007147373c216a2f6690bcef9d0afb11.csv	18.105833	14.447336	3.658497
2f153b58da615d6753b4dcb8dc6c8089.csv	18.10814	14.447336	3.660804
a42cb42d70a418619b95588951f7e278.csv	18.108145	14.447336	3.660809
3e987b34070ce687c5fc1af8fe665e1a.csv	18.108648	14.447336	3.661312
7759449028dfc0be0f937c8a37dd76d7.csv	17.39496	13.731921	3.663039
00491d2d5e3e61ba8082dcefa2e266ec.csv	18.110985	14.447336	3.663649
4de8ce9aba7c70f78e706342eb551ec4.csv	17.610582	13.946467	3.664115
b7094b350398caae47b368ee5641421e.csv	18.1115	14.447336	3.664164
fde464f51691a29f5c4fdba4c9a92a42.csv	18.112436	14.447336	3.6651
01d6efae7d13197d4165fed04fa36d47.csv	18.113823	14.447336	3.666487
6324894be8712a460a444ea82e27cf38.csv	18.114347	14.447336	3.667011
d988742b46e3b6bac017a1f2f226317f.csv	18.116674	14.447336	3.669338
dd132ecae1083c6132ce1d0e247b5e43.csv	18.117186	14.447336	3.66985
cf8c271ee3b10e8b67afa7671a96b138.csv	18.11949	14.447336	3.672154
f2f493fe58e9b066702a8fcda0fa15b8.csv	18.120033	14.447336	3.672697
de9f00371adf20432d94a91235db50d4.csv	17.876604	14.202006	3.674598
62d91615763ed95fb16d35dae98ca700.csv	18.122334	14.447336	3.674998
866bcaef101162a8a0a9d3a3b75b3b97.csv	18.122875	14.447336	3.675539
8c02a89cb3229a7b291c58d3c0852dbc.csv	18.12518	14.447336	3.677844
8b75e670f267959454a4cc6c79805d8d.csv	18.125738	14.447336	3.678402
f7c3cba85347c8ced453bdd924bc7491.csv	18.128017	14.447336	3.680681
909e975c3f7e8598b1a284240b0a5fe4.csv	18.128553	14.447336	3.681217
a30b0059a7e49f5454670a05284efd4b.csv	18.130867	14.447336	3.683531
084188ef2ccc5241f788264faafcd37c.csv	18.131397	14.447336	3.684061
0e7746a6029efa9442080ecf5541c72c.csv	18.134235	14.447336	3.686899
d5a16ab78e3e94d792e0612b03970f21.csv	17.871788	14.183026	3.688762
fa456924f44ebf00661819f623d6038e.csv	18.137074	14.447336	3.689738
a8112dab804d41719690b939259d3f12.csv	17.525156	13.834325	3.690831
d85ad2438ad90a5430c2d719d9b884ba.csv	18.13991	14.447336	3.692574
eb638129b9e6348e1d74e638cf955b6c.csv	17.45616	13.7616625	3.6944975
c80d22262d2b481e8f9a51816140f655.csv	17.302534	13.607908	3.694626
2e3190424cbf00e82309adf5d65af00c.csv	17.361032	13.665444	3.695588
a53e05559e07e087b82b1b565ee521ca.csv	17.897333	14.19512	3.702213
d567b13fd955cb1cd286b5958597e384.csv	17.430908	13.727779	3.703129
a40e086771550c546e19e05698fe75db.csv	17.688974	13.984874	3.7041
1f00888fe8e4f5065ac42a2e374ab8f4.csv	17.600304	13.894781	3.705523
fb7d04f0b753477c77812edad139434c.csv	17.43398	13.727779	3.706201
778f683fce98957c9c037c268b3739e0.csv	17.461182	13.754673	3.706509
fa8eb0a9c3d232646105af24ddbf90bf.csv	17.907196	14.200203	3.706993
2bcee5fed597fecc946af430442ab990.csv	17.559015	13.850832	3.708183
b8685247d90044b17434a097a2338acf.csv	17.514326	13.80497	3.709356
6d6463fe398f1f6b7ed26ea4506e95d8.csv	17.218657	13.508859	3.709798
73c051614b845cb92f3d37517f53625f.csv	17.300013	13.588015	3.711998
437ce51a0121a30e752d309a4bb6c981.csv	17.687038	13.975021	3.712017
d59fdcf4d93edcfdaf3acb1a578937af.csv	17.457817	13.743257	3.71456
7074d79b12b8a77ce93daf7bbc8ea69e.csv	17.303076	13.588015	3.715061
52dfb4d01d6d89a041fcba8e1f39db80.csv	17.20477	13.488594	3.716176
27571373e49a6b1f0cb06d0bd235de13.csv	17.393976	13.662008	3.731968
313f3dbadeddc9c05cefc232bbba3809.csv	17.12516	13.391001	3.734159
661544c0aea95d0c5af6548049f42d6d.csv	17.166838	13.4251995	3.7416385
f0cdbb365af388f42f87fe96ca233ef9.csv	16.958956	13.217222	3.741734
46764899d5b6d85f77a1f160ed992c61.csv	17.169895	13.4251995	3.7446955
f76e7cc4aa22e209fbd2b2ccfde1bfd6.csv	17.27157	13.523277	3.748293
cd48724194c94a30ea1935199aff2ae2.csv	17.16357	13.406206	3.757364
e760459bb31c8ff7dc85c9ef69befe68.csv	16.954248	13.196087	3.758161
74ba88e9ea0c9eddb37eb2933e371883.csv	17.166636	13.406206	3.76043
8f952e30020f85bcdc60c2260d2bd44d.csv	17.168673	13.40742	3.761253
a774482beffdfd7afc50cf7592f5ed0f.csv	17.16761	13.406206	3.761404
8c81aae984305bd6c1705c2517227f81.csv	17.01113	13.244974	3.766156
e6d4af07ac68621f16d0a46f1bc613a4.csv	16.851942	13.084312	3.76763
177274d707ee47611cf18bd88624a103.csv	16.949083	13.176162	3.772921
499ee5c3e72c95e57854b947564ffef5.csv	17.88619	14.113085	3.773105
5df5ca120ee16415a558c97a3fcc4a65.csv	16.95246	13.178305	3.774155
6e800c7cf82ca799d577e06b35688fc2.csv	16.945072	13.169031	3.776041
303c4ceaa68283198664379dd3188ecb.csv	16.948334	13.171176	3.777158
d977b50c85d0b1df4e6cc352c8e45af1.csv	16.948137	13.169031	3.779106
c0f3c9094c353bf4f72b48987a774955.csv	17.347416	13.565083	3.782333
350ff23337e5a3f662a140b690e4ce77.csv	17.298069	13.514634	3.783435
ff984b37e6d8a21c5bc78455b41c179c.csv	17.010704	13.227206	3.783498
4c33618adf998ee8581f1404d877cd96.csv	16.849655	13.065315	3.78434
3cb2844fd5bb4845f5d6d50ff3c98fac.csv	16.940819	13.152184	3.788635
86c3766167145a0e418a73d578f5ed79.csv	17.357737	13.568361	3.789376
f3a02b4924352317900957b2ab5a8385.csv	16.94204	13.150967	3.791073
8193d993cb436de57e2dc6d02fc8f0f4.csv	17.365156	13.568361	3.796795
e805843281fdbaf2e25c7d5b32a8c048.csv	17.005724	13.208229	3.797495
b35f35e22170cdede22f308b319bfbf2.csv	17.007816	13.208229	3.799587
103cfca32e5e7f79631b139fe8353f03.csv	16.915216	13.115397	3.799819
3d2297593203f5f7db2e48b631292c91.csv	17.381731	13.578684	3.803047
41dac83428c5ec8fcf97c1446efba0b0.csv	17.091167	13.277445	3.813722
50662ead894d15c8bd5e7276b98fe633.csv	17.372086	13.554274	3.817812
4ae086a29160217dbc4b97ba2d0be480.csv	17.670698	13.8142805	3.8564175
202694fa26e24671e139a670ae0fefae.csv	17.45178	13.586699	3.865081
a3e6838a3feda1321782d5aab8e0acf0.csv	17.665339	13.795333	3.870006
93c9861aa41031ec12d85dd881b5bff1.csv	17.280127	13.393908	3.886219
f6e4165961c8f1cf4032d7643660fd71.csv	17.715979	13.825665	3.890314
94767f26b8bd00f41f8f987fac7fa4ed.csv	17.362505	13.471615	3.89089
c1f69803f14084f1c836588e025c632f.csv	17.186146	13.290994	3.895152
c4363972379e2a718d54318221ff617d.csv	17.705492	13.807483	3.898009
51a6b90fe499a632c1e37ceb0e6e2fde.csv	17.189207	13.290994	3.898213
0d4829ac8170969e01f9c6dbda3c164f.csv	17.4891	13.582435	3.906665
a38aa9c4117028af9324e84c2d296e3f.csv	17.28713	13.366731	3.920399
92cf3bcc80f4c7f8db5074252bfcb200.csv	17.14954	13.220664	3.928876
784ca2b29556a5906de89c37f4eed326.csv	17.066044	13.133509	3.932535
319e205f98799f4057ff4bedb7ee0ca1.csv	17.140835	13.203175	3.93766
7ad3e25f553df10bd80b3ca3413f6c3d.csv	17.124445	13.176746	3.947699
0a60b2142480dfbaf7f3990112293ec8.csv	17.132437	13.184184	3.948253
201bb93fe27b66797945c4a03181bf75.csv	17.1334	13.184184	3.949216
92efe87cee36b3edc80322b83eab15f7.csv	17.06353	13.113589	3.949941
1b94e5328f1a9be31b6dc238c9eed9ce.csv	16.930338	12.9799595	3.9503785
ca4828e309699070c8bb98d5d92716b4.csv	16.8884	12.936778	3.951622
97a7651b079bc151370feaf7c93cf9fd.csv	17.066586	13.113589	3.952997
4535c5a6efc748eb64269ad680c92ce9.csv	16.933395	12.9799595	3.9534355
b97e8b471e05d2100b2b17eb013801f3.csv	16.981958	13.020638	3.96132
98b9b99854412141ba4e4828f4f82639.csv	16.712143	12.750571	3.961572
7cb1cde2dcb62bfcf9dcb1d7d3222772.csv	16.71552	12.752719	3.962801
b0dcd480440c44d2afe406464a39b40c.csv	16.71155	12.748695	3.962855
0da48a8257465e601092b65ee56616e1.csv	17.03506	13.072092	3.962968
74244435d9445632381661bce69ea720.csv	16.708166	12.74354	3.964626
854e58db6fe259ddaf25dca8bf04cc34.csv	16.927067	12.960977	3.96609
3b9677bb96bfbffcd818a8176e178923.csv	16.711224	12.74354	3.967684
3d52bda2dd825e57d7b3a75a89d2b2cf.csv	16.930134	12.960977	3.969157
c64bcb8db86aef87198ca6a378677f1c.csv	16.93216	12.962196	3.969964
e995bf067b628792e89c258273c44b16.csv	16.931107	12.960977	3.97013
14797dc4de690643f3e70d856b01d287.csv	17.098572	13.127206	3.971366
2645de0fa5392e6fb41a1027d5a6c13c.csv	16.968065	12.994851	3.973214
5e35dbb26ca5bb7790447ee4174e8f66.csv	17.384062	13.409672	3.97439
2b6f8d2227ff468e2868552f593f4be4.csv	16.867435	12.892998	3.974437
d5a0c991abf6fb95795d050ad813461c.csv	16.703915	12.726703	3.977212
18347af5c3864ae6a76b64b8bbeb1a81.csv	16.705128	12.725483	3.979645
3c96825b48c0c5285eb4b61dee7231a4.csv	16.7689	12.7833185	3.9855815
ebbb7526571102dec9c11a95cbbc52e3.csv	16.770988	12.7833185	3.9876695
5ba01aefe6fe84ee910e928a5a6ef561.csv	17.111067	13.108546	4.002521
60f20c7187895a917cd02b37d71bf78c.csv	17.061678	13.058673	4.003005
3dc17cccdf7f2cf6ca9749ba913da35d.csv	17.121172	13.108928	4.012244
4b8dbed1fe9770d9da0fdbe70488fbd1.csv	17.128536	13.108928	4.019608
42ae0972cd4234860a82609c37e403bc.csv	17.14511	13.119223	4.025887
268247c0fa826c3ea802e13779fce80f.csv	17.135473	13.092422	4.043051
8c33587c5e19837ac73673d2a72fda2b.csv	17.64421	13.589356	4.054854
f50f3817993ce00ee46f746dd775229e.csv	17.565163	13.498174	4.066989
4970230c341509881f7863ea0b4d54f2.csv	17.214571	13.128054	4.086517
2d1db13b9209eac76b9f3d525496c14e.csv	16.93135	12.837868	4.093482
fbb57be254a6aa8f135049db8e31038c.csv	17.433628	13.337018	4.09661
e6c4f965de27739e9be4ab7a3c64a6b6.csv	17.043934	12.94383	4.100104
9493099e496c9dc97f594e6206e4e54b.csv	17.125914	13.02386	4.102054
59e2542e69954785d425da1495eb2c38.csv	17.428267	13.318012	4.110255
6ad195a33b947151f939152471a512d9.csv	16.949682	12.8382635	4.1114185
9c061a1be315809ab49c4e5161fb8543.csv	16.952747	12.8382635	4.1144835
e0903b2a157f09b092cb65e472cfbca1.csv	16.97475	12.858007	4.116743
42cfa038c768bbf8dbff6c078f6143b6.csv	16.986828	12.867034	4.119794
06bbcae8573e8c1c24d4ff6da3a668b4.csv	16.976002	12.848892	4.12711
b0315da82fba4a979856bc1dcb8b6245.csv	16.887882	12.760366	4.127516
84abda421573078d1fc47b90d8814fbe.csv	16.97932	12.85104	4.12828
3b82d04092f0070e2ab12274f3b7a8db.csv	17.251972	13.120114	4.131858
981b800a48512aeb7abccb466f6d4b79.csv	17.4791	13.346562	4.132538
3743e0b3c982d40cb848f7f83bd2720a.csv	17.050941	12.916029	4.134912
73941b4f69de2922bcb18e4f3fea2182.csv	17.468597	13.330154	4.138443
67729fbbabbac5be77b5088bfeb3ae57.csv	16.483671	12.3414	4.142271
8e335db5b4afff9f0d35d5368d7e5397.csv	16.745092	12.600048	4.145044
7417b42bc8aef2c5178aedb9ea922b6f.csv	16.798113	12.648896	4.149217
048710b4b624d2eb6f5817faef8c29b3.csv	16.375544	12.217095	4.158449
1b8d56e24f093db3c0bc5d78b4e68e6a.csv	16.479033	12.320401	4.158632
a01446b6057fdd0d079f6b6a9ed8cfeb.csv	16.861904	12.700344	4.16156
bbfef913aa0ab94c00a135763a95b23a.csv	16.65162	12.489485	4.162135
930ee0bc09d35c314d3da8dac48c5d59.csv	16.731245	12.56658	4.164665
a422ff7873a4d5fbf4712ebfbc217a79.csv	16.535969	12.369207	4.166762
df4295c2daf8b021d2dda4f4b07c3da9.csv	16.69259	12.525679	4.166911
7dc93baf615ee4a90b50178b468f838c.csv	16.473848	12.305743	4.168105
4b73eaf35efbc4c4467e590c220df6ea.csv	16.477243	12.307902	4.169341
47e25f283cf5bd498aef6807ffd36613.csv	16.695656	12.525679	4.169977
787d113886370afb7a88162b1d071979.csv	16.373253	12.1980915	4.1751615
a9ca126d8d50fbb87dcee016d4c0281e.csv	16.694433	12.515308	4.179125
a8ed0c87e16272071ea242e38da24dd2.csv	16.689337	12.506676	4.182661
5697a9cdd82cb432b58b26e31ff4fa72.csv	16.535524	12.35142	4.184104
aab57a23fe4cb1ed4af30c3676266518.csv	16.692404	12.506676	4.185728
dfc4991c09c3422e73dd7754138308b2.csv	16.693363	12.506676	4.186687
a3201a7242c384b4df81c5b2e5279c8e.csv	16.616928	12.426134	4.190794
c974a747ef7a3159cbae27b240353f09.csv	16.439808	12.248209	4.191599
bedf20f3b31812690fc13705d0a027ef.csv	17.147476	12.955171	4.192305
39bfa02e065fd3ff4448032b83016c11.csv	16.530554	12.337706	4.192848
364311332b708e216209f0c12cf7dbe3.csv	16.53266	12.337706	4.194954
d0a0dfa493dd6045ddec25549f8dcf5d.csv	16.884548	12.666483	4.218065
888449c53d33a6d461ac15e64c33b824.csv	16.82385	12.60257	4.22128
90ed4e420c453036329c47e7cb31449d.csv	16.874445	12.652277	4.222168
f75c583b9075dcdfc5e9b97e8add6990.csv	16.891977	12.666483	4.225494
4519392f7206403106d08f3a583881c5.csv	16.908728	12.676699	4.232029
8fcd007b2942f0e38ba603b8fa85880d.csv	17.40723	13.152578	4.254652
210598834e18f4dd333431a59d205ce4.csv	16.898932	12.641417	4.257515
77faeb1c96b23bd3fda3b8026415e633.csv	17.196394	12.911684	4.28471
7f1c33a3fed1cd2fa79eb2aa7a29fa24.csv	16.978062	12.684192	4.29387
9ccbefdfe28bc349690ebda9640001a1.csv	17.191475	12.892707	4.298768
9340228ef7952ff36ce3a2e3cdf5dddb.csv	16.889051	12.583546	4.305505
084a46320483fa3d5d0ce7af5ef8ab79.csv	16.7128	12.402956	4.309844
da3723623b1d2d5204ed7c44e1bc5ae9.csv	16.715868	12.402956	4.312912
2f97638508a4bfb878f52e3dcc406b57.csv	16.694	12.37441	4.31959
0cc985d51f38249c4e03dc08e3e7fba6.csv	17.231728	12.90805	4.323678
678484fc87c5233124134ac073db4efe.csv	17.24224	12.916684	4.325556
726f9eb6598dd4406d4804ba404bce97.csv	17.402882	13.075932	4.32695
5634e335cab0249cb41897840615dcd9.csv	17.015436	12.683185	4.332251
251560a57e59c98e79b6a11d093b5ada.csv	16.666426	12.32919	4.337236
2e8b198a683728de8abecaaf9466f0ee.csv	16.738623	12.391341	4.347282
274b3ce72d630331b4cf660cb5d62b60.csv	16.657896	12.310198	4.347698
44bc7f824bf0d6ebf00556d2b8d99be8.csv	16.506931	12.158831	4.3481
eebd4142f2a4f6196de56d8e35df9510.csv	16.658863	12.310198	4.348665
0d1fc373fa2e50147dbaa7e6ea55bffb.csv	16.625214	12.275802	4.349412
7ecd5055c240434e8819d873003e8efd.csv	16.413477	12.061372	4.352105
46580d0a67e961885729f48197b27af3.csv	16.559963	12.206002	4.353961
e4bb596ecf562396433cef5c7a1fac19.csv	16.741957	12.386217	4.35574
9160bd62cc1897d1e9a150976c98c826.csv	16.246199	11.888485	4.357714
cbbf8a2c93815feb58662bcbc62c6f94.csv	16.229452	11.867234	4.362218
1ad5f8dc3e4ab7d0f13e880d51fb73d8.csv	16.126698	11.764391	4.362307
65344bae9bb8422fc06adce25af49241.csv	16.22013	11.848392	4.371738
6b71d14d6857eca3fceb139547f314e4.csv	16.223505	11.851396	4.372109
df86ccafb443fde617d550ea522aaf49.csv	16.22319	11.848392	4.374798
17da434c48bf34b26fb50a286ebbba5b.csv	16.298178	11.9161	4.382078
81959fdc7e8291db9afb5c459e36138c.csv	16.455088	12.071409	4.383679
8b589106bf0b3b1cff3716cc5263bc05.csv	16.215881	11.832063	4.383818
a5f77361ddcf11465962e52344ec788e.csv	16.124413	11.739681	4.384732
b29cd707e7852382d5221750d509bd39.csv	16.458155	12.071409	4.386746
6dac27bcf2dc2e641783dff23512f59a.csv	16.217087	11.829986	4.387101
37a30896912f2629f1d732276b20b043.csv	16.236317	11.848138	4.388179
575474d2ff84343a1216e87cef9f6014.csv	16.239693	11.850288	4.389405
b4c3cca365638fb8a6b892dda96dcb2c.csv	16.190311	11.793764	4.396547
a2f63ecff6b1710944e4d04de67ebf54.csv	16.451836	12.052403	4.399433
56532f4c5c5e86e1a9e30567db5cd064.csv	16.297764	11.898309	4.399455
a0ad4ddc2fb186782dffc4cc33003ee3.csv	16.454899	12.052403	4.402496
1e17e60e99d91c0af9cf74f18357b762.csv	16.456932	12.053623	4.403309
6df9b5f40784a617753f98058846c615.csv	16.455868	12.052403	4.403465
c23248fc076048655892b5542a3b300c.csv	16.910803	12.504628	4.406175
ab4a87aee1c35029ebc9027cbe3b4f9a.csv	16.391373	11.984541	4.406832
16f9104d8f689043bb23ffffdd019430.csv	16.292782	11.879957	4.412825
94786ef147cd833cc4fc5cefab67e1ac.csv	16.294882	11.879957	4.414925
5eb4903afb0ee81e75d835d8f52ed0f1.csv	16.379286	11.956988	4.422298
2fda619032965a1ce79f64b70628807b.csv	17.170805	12.725042	4.445763
e1e0afbf471e1e72a212c840641c1e0a.csv	16.740282	12.263409	4.476873
214fbbf6ff37f2244dcd5861e0a0b608.csv	16.959108	12.480572	4.478536
39e931c2813b55d788631183e12e1187.csv	16.953691	12.46158	4.492111
3cea9f5a6e4f4076029695ee5e83cdaa.csv	16.456787	11.937804	4.518983
6dd9bce280ed43a970bf111da24f02a6.csv	17.005655	12.486	4.519655
f233a4424853630f005060d15e3bb9ee.csv	16.994102	12.471979	4.522123
4ff596b619f19f9e75952f7dda89432b.csv	16.777447	12.2508955	4.5265515
30be26a0019592f35553a0decfac33d7.csv	16.56946	12.036658	4.532802
96150d7750d06bf41269c76e0de2eb96.csv	16.437899	11.904346	4.533553
66394f0b2353edbb5bf3071495b1d1f4.csv	15.996888	11.46316	4.533728
69647af0b3b4b5a193ae13d2650f2bf0.csv	17.171253	12.630339	4.540914
0d0916be2860f7a0b81b5646608a1928.csv	16.499935	11.9583	4.541635
7eab9994fa0f5614ea22f5e5648b318d.csv	15.992258	11.441995	4.550263
c72bc7a90ed6ce8b4054d0ca86da042e.csv	16.511997	11.959369	4.552628
b14eff4d81e0586ae064092f079f9468.csv	16.501434	11.948628	4.552806
e50c45736a9839b7a6fa05ab050a8ca6.csv	16.504843	11.950528	4.554315
6ae9f19baccd54977e0dde85a5b60b98.csv	15.889648	11.330003	4.559645
0e5d57dac7ad14ffe037628d4e9046c2.csv	16.049103	11.488604	4.560499
8a25fe7250379c34c4501f752ff5b408.csv	16.429146	11.86652	4.562626
60c573f5722d509117286b89242e7cdd.csv	15.987061	11.422595	4.564466
7d0654da1fdba86039c0f0a10215125d.csv	16.41261	11.847991	4.564619
705bbad8d79b6c84b415c9829f8ba33f.csv	15.990458	11.424756	4.565702
68536881bd3732a6f6bb6dad4ab61401.csv	16.576256	12.009486	4.56677
0a6042b99bad11bcff5f6516bc4d43dd.csv	15.982914	11.414974	4.56794
cf307d88fc7367a2865d0c045b8f2817.csv	16.35423	11.785302	4.568928
fdcd533b66cea20c145ef2a89213eecd.csv	15.986309	11.417124	4.569185
f2bf94fea925ac0a15d32f9d11c59929.csv	16.20531	11.635833	4.569477
a449d7f4f4c49c602594c6ed05934b04.csv	15.985981	11.414974	4.571007
e7fcae946c38f0e82181c493c8c6db78.csv	16.208368	11.635833	4.572535
37849f3e3818ee61767c88e2855905f8.csv	16.420635	11.8475	4.573135
c6cbffe0604be6d102cbe0cea8392976.csv	16.4216	11.8475	4.5741
c964b520c5569566fe69b5b9a4665bf0.csv	16.270212	11.694205	4.576007
697161298a2ac0259b84408d6943b4d7.csv	15.887367	11.310995	4.576372
503ff51dd7eb2f7535e19c31b9028004.csv	16.048681	11.470827	4.577854
75d16d7cea2f52d0af7ba34ac654ff3c.csv	16.256516	11.678599	4.577917
ae00504ff137c4f294975dfeffdd1369.csv	16.323149	11.743774	4.579375
dc320b037daffe7632b54f6231c73c1a.csv	15.97863	11.398128	4.580502
12b3f92c5981cea11b86983e8cfc986c.csv	15.979868	11.396906	4.582962
8cf8c78238bef490954ca8b591b4ca98.csv	16.202078	11.616825	4.585253
64a74284343e3390ea931af8f2cda7a0.csv	16.351717	11.765674	4.586043
7849818cd418963833dc60dc303b1f3d.csv	16.205118	11.616825	4.588293
65f2e05af310aa1379e641f9afbbdfe1.csv	16.043697	11.454639	4.589058
6eea9c5cf8f77fd2d05c8c68c26e11be.csv	16.207144	11.618046	4.589098
3361a2eda32baf25c96ffd696cedc5d9.csv	16.354786	11.765674	4.589112
7871e2df51d355d9bd261d0497d44e3d.csv	16.206078	11.616825	4.589253
e29adf87399d975b7fe44c217690f690.csv	16.14225	11.552894	4.589356
0c2dc1cd7db92b188e5aa010a3750cca.csv	16.045803	11.454639	4.591164
d676f00e749bee8e2f69cd0100f51c43.csv	15.953165	11.3594675	4.5936975
e9becc6f83314cd0c1763d5f80bc16b5.csv	16.386925	11.791153	4.595772
c9272abe9522e65b09f82812e4aeda76.csv	16.67317	12.070997	4.602173
9da5f0240f991f75b21fa80c226e7bec.csv	16.142551	11.528603	4.613948
c864a92dde085c3f5f69174d1d8e14b5.csv	16.39849	11.760682	4.637808
c61e7e38580ddcff95a18bdba9145e27.csv	16.349031	11.710603	4.638428
3e5a69971a520ca72574e9086bb42b74.csv	16.40874	11.76037	4.64837
dc87cfe7a30efd4dec17245e8ad9698c.csv	16.416166	11.76037	4.655796
03cf478813910b1952c1570c1a74db9c.csv	16.433386	11.770516	4.66287
731482bba6fb7393ff161245c2cfd774.csv	16.423916	11.74984	4.674076
43d10c787bfda2739c9de6e928ad3874.csv	16.50294	11.80105	4.70189
20bd9a66c883831c1e545fcc5763e05b.csv	16.722406	12.015365	4.707041
7c6c2109c9df01bd19d9d0208e53c555.csv	16.717056	11.99631	4.720746
fb698ea87f3f3e79e1d1fe872a94415e.csv	16.21999	11.498614	4.721376
c671557c20c130eb8164cdda4ced9543.csv	16.332401	11.603807	4.728594
d0606d10aa3bf0ffdc8bd2dec846d608.csv	16.413515	11.6832695	4.7302455
ae4c6517fc86c3a32a8ad2242953a2f5.csv	15.759975	11.026223	4.733752
103776b49263e05521a3873b0d4b95a5.csv	16.237925	11.502171	4.735754
5c16dc32bcaa94fdde518b58d88eadea.csv	16.240992	11.502171	4.738821
4d1b3e9fbffb6ef9dffc75f78115ba11.csv	16.201159	11.460912	4.740247
edfb4ec00b36f0f58d9f751e7d28db7b.csv	16.117504	11.374766	4.742738
7f809ee9eb9b1d84c539db71db2e8f74.csv	16.76782	12.023533	4.744287
39c08627ee4abe263e19ad4f1ebc28e2.csv	15.753503	11.008072	4.745431
04bbef0ece415aab69c84ec0452b3294.csv	16.192516	11.4467125	4.7458035
e55e4ea2a3e11aa2476137baea35dfbc.csv	16.263067	11.5170145	4.7460525
e5032c942c0c844ce5d1b792b2cfa117.csv	16.275112	11.526042	4.74907
61401c99f5ae3f3c2e3231045eb307be.csv	16.757294	12.006458	4.750836
86a842a00a1751389222ae9ed07fa8f7.csv	16.17592	11.424707	4.751213
bdc8c18bf9f94a24ecffab9ec651a2b8.csv	16.264647	11.512401	4.752246
699a0ac5ba836e173650a9a13b0c390a.csv	16.539568	11.785504	4.754064
77abc5d53d79ad94cb352616d2ebf89e.csv	15.745926	10.991075	4.754851
3e58c67465f8ed4b414a7ba2ff4948e6.csv	15.74932	10.993223	4.756097
ae351d7bb27a0e20e3bef8ee3cd3a360.csv	16.18392	11.427715	4.756205
a7c7aac87b62f4eaec95464c2e666238.csv	16.268013	11.511669	4.756344
61d9ec00604746b003e49d63660079e5.csv	16.184885	11.427715	4.75717
fdfb47f9565074f3d16f45b9fe269891.csv	16.93229	12.174589	4.757701
5ba67bf61ae370c146ee9629e8532d45.csv	15.748996	10.991075	4.757921
1bdab46a6806099ad184e4f0fbd2ea91.csv	15.812169	11.053849	4.75832
4c3aab5468f1e80cbd89b81f7513dfb7.csv	15.748312	10.989804	4.758508
66075d5546266c8f31f750634519104a.csv	15.968246	11.209234	4.759012
8a80b1c2d4473708d709d7c8ea20d445.csv	15.751713	10.991943	4.75977
ea40aa43cad248c3950354603df66476.csv	16.11501	11.354851	4.760159
61ca7e9377d36b904cdf1052753bfae7.csv	15.971307	11.209234	4.762073
6d8f973a87c09a88ab701c5c750b19fd.csv	16.033485	11.270321	4.763164
55319d0a6abb4243d4745778962b54af.csv	16.118061	11.354851	4.76321
e10901af4a373968965099258434a4ad.csv	16.019613	11.254288	4.765325
c243d4659621a3b0367d526a62cf982e.csv	16.339144	11.572955	4.766189
ec3c92eee5cfd394d4454441608182af.csv	15.741653	10.973911	4.767742
b3585f1b9e52eeaddcbde6096f8d0e7b.csv	15.741135	10.972691	4.768444
1cca4d2a057bb72b29e598384034836f.csv	15.939949	11.170577	4.769372
b674baed893f7baa29863ca2bfbbbc59.csv	16.086456	11.315908	4.770548
223083fcdba4f2cc0fed5089d7cb7b8c.csv	15.964994	11.190236	4.774758
6a21547f2814543d265c7a7e71b4527d.csv	15.811714	11.036077	4.775637
e1f7f95b6887ab33f71bacfc5e0b5cb7.csv	15.968047	11.190236	4.777811
285421180a1f4adb270572f5d92a71ca.csv	15.970082	11.191458	4.778624
9d65776e804e14a093453a404fcebde7.csv	15.96901	11.190236	4.778774
1b66587035744fcd97dba9faf6dc53a3.csv	16.150286	11.370928	4.779358
6b82cc22660c9b5f082de24e441b9a0f.csv	15.8067665	11.021774	4.7849925
00098f955aceb3833d19c83d4b498739.csv	15.80884	11.021774	4.787066
7283b6d903febdc8691d5a663b4c8029.csv	16.14915	11.337756	4.811394
432bb854c53aac89759dc8e710a0f113.csv	15.905506	11.093952	4.811554
75e4197da30b36d832c00a1a59b7e460.csv	16.099756	11.28787	4.811886
897d0883e16f080c8febb046afe67688.csv	16.435884	11.620934	4.81495
0eb9c70d79c66da9eb172c086b72ed54.csv	16.15946	11.340014	4.819446
7c659881e114675aa8c58c17d354550e.csv	16.196371	11.3555	4.840871
860dc96daacd6af3acc4257bfbbee8b2.csv	16.186739	11.331548	4.855191
fbf7c2683ab21d8f8aba7f42096bcfe4.csv	16.696096	11.8405485	4.8555475
dcc68668bfa3ead1cf3b43d9febdf4a5.csv	16.253466	11.36505	4.888416
9f9a7bb6d4b60794823f94caab837a9e.csv	16.484379	11.587652	4.896727
8d4728fe1dbb881cb2dd72e0b07a465f.csv	16.479021	11.568658	4.910363
0172e84f80f6c2fb7bb21e68dfaed430.csv	16.0011	11.070877	4.930223
69be37f55e3d0c041ea502bd4330c3b8.csv	16.290749	11.360317	4.930432
7ebbc8c3aa48da0e0855c31262ca9302.csv	16.004166	11.070877	4.933289
b9960038334e444c83dbfff9d8023da3.csv	15.5155945	10.579576	4.9360185
81564dff49656a7e1c7bcba9b7fbfcc2.csv	16.519331	11.582848	4.936483
10dbb6d0176f905a1aae27e07b46c0b7.csv	15.955649	11.016762	4.938887
1e510f03646cee95ee9c7079ae4bc685.csv	16.530632	11.591518	4.939114
85287d47a2a07d5e8b732a3dab378cb3.csv	15.939042	10.998717	4.940325
690f461d3b8dc88aa661e9db31646d22.csv	15.947036	10.997763	4.949273
3904c40f43232f0172939d274c88cb9a.csv	15.948007	10.997763	4.950244
743c2e174b33fa2ae31857b4e779b91f.csv	16.695488	11.74324	4.952248
cdfc3705aaef1a134b4985b9d63372dd.csv	15.796528	10.844271	4.952257
aa20b6e6730c0269e1b5a1d78cd94fd0.csv	15.510866	10.558415	4.952451
d494168d01a53d1a6d879a8522d8c851.csv	15.4080105	10.454052	4.9539585
8f44f5f9cd2764936f76d148549cd7c7.csv	15.782672	10.822381	4.960291
bc67ac065f5148bed91bd84c8ca645f2.csv	15.505683	10.54246	4.963223
8f78184d1b0c54f18f46602783ba8479.csv	15.509066	10.544654	4.964412
2b0129b546de47d44335f5686362548d.csv	15.57304	10.607052	4.965988
10df7cfe05cf012489b8c3f52d2d504c.csv	15.405721	10.435039	4.970682
e479f1be4e2ea992e171a7f9f10ad3a3.csv	15.5673065	10.589263	4.9780435
9eaae3284c2fac9304f041490bf50550.csv	15.913288	10.931611	4.981677
e66256ad4ec7ca8b69571a360bca49db.csv	15.471649	10.484885	4.986764
cc5394a5449ed9c3e13d7b01020999bb.csv	15.562332	10.574274	4.988058
0b2d311ddd50b3a280844708138b2a18.csv	15.5644245	10.574274	4.9901505
5482586c1c346c9bc42694ffe686b800.csv	16.19914	11.186389	5.012751
4d65b0b4d5ce772617bdb62f2a4db2ca.csv	15.668117	10.646491	5.021626
e371434fc950f45bb495d37b5f25d723.csv	16.235468	11.141841	5.093627
ecf67d72342bab36b9650d3fdc3185f8.csv	15.927238	10.823931	5.103307
5cf38b3ab055f132d660677d313f6c1c.csv	16.230122	11.122842	5.10728
5d21b925c4b237b850fed51cc252ba3a.csv	15.278964	10.164679	5.114285
3ce24e5adab7ede03f4a8881603e0f7d.csv	15.274275	10.137275	5.137
8c4fff737a46a788b3f6933bb51a84f2.csv	15.264947	10.124789	5.140158
87fd923309f934eaa01c8bc44b2550c1.csv	15.26834	10.127013	5.141327
29bf657e06eff7f89843f811671d6c57.csv	15.487658	10.344971	5.142687
e42b8a9c891482508bc606b2c4733c57.csv	15.269098	10.126277	5.142821
6b9a28caed2f812d7f90e2d948b7da00.csv	15.268012	10.124789	5.143223
71b1b3ac118129b43b539fcd3c377330.csv	15.272492	10.129228	5.143264
64a196adfe9da381dd4ba6e4b97886ad.csv	15.764052	10.6188	5.145252
88c8b769fd8ea5277ef3c558ac2f5f2f.csv	15.331427	10.18614	5.145287
518711adf8cf6c9a2bba83f13b03a64c.csv	15.490706	10.344971	5.145735
adfcc94b49915af7252a0f25e5a1a0d1.csv	15.727283	10.581158	5.146125
c4ce6b516a9e303b003d1f118915cfa6.csv	15.7671	10.6188	5.1483
9981a900a9f16468ffc1d00a3038d4b0.csv	15.260214	10.107631	5.152583
1783946897c7396b79815278db76bd2a.csv	15.71871	10.564466	5.154244
6642e56587eea9c612dad53798d01b2c.csv	15.701745	10.547059	5.154686
58a326769f3be63276ef9e5cd004d534.csv	15.26192	10.106405	5.155515
0a27bea5d1902b579b97244531373951.csv	15.484404	10.325978	5.158426
d471f2767e9f9560a106695e75bf6e23.csv	15.487448	10.325978	5.16147
5b96e0195e5b602f4ecedd79549bb704.csv	15.489482	10.327197	5.162285
74b7896ec71514051a21403dc3e61e31.csv	15.488413	10.325978	5.162435
0c39abb76a78a422df8ce904c50683fe.csv	15.330832	10.168358	5.162474
2b276bc2b9a7ed5ee9228ce2c6729dd9.csv	15.709804	10.545439	5.164365
5f6f48fe26c77869cb2fcd6fa8ea730c.csv	15.711071	10.545439	5.165632
11854c65b2ae3d781faca72f04f1c5f7.csv	15.559514	10.38946	5.170054
8a741ecffddb7eac47050f16eb72c0a8.csv	15.325872	10.15567	5.170202
79e73f6f1b21c3729b523834a774bd56.csv	15.424522	10.253082	5.17144
2f5ea2ee12ec9435defe34ba2e78d669.csv	15.327934	10.15567	5.172264
636741a080944176313ba08ce712f13f.csv	15.612419	10.438182	5.174237
6c11af9a4b30ce781354d63d94a53518.csv	15.545591	10.3703375	5.1752535
f8c61475943fe25b579dd202c9f474c0.csv	15.676046	10.490184	5.185862
f375ebfe6690e6002b456598e9463752.csv	15.432265	10.230429	5.201836
61666fb1a6872501a8dfc5be4cc26856.csv	15.687736	10.400084	5.287652
7c6dc0c85a2f1cea77f345a34bd9f468.csv	15.510078	10.19739	5.312688
bf49a9637ef46ab86d4241d7f55d69d5.csv	15.622409	10.300678	5.321731
18300999f891b60106db9422def41e10.csv	16.044035	10.717632	5.326403
8e27df88a35bcb03332e7ac2e04128d0.csv	15.491183	10.162538	5.328645
c7737843cdca18c48680936888097fe1.csv	15.48254	10.149978	5.332562
0d403a51173d1e5767099edbee2adcec.csv	15.40747	10.073379	5.334091
a2c2035ac5e233b2dcf21a96ad34b067.csv	15.4658985	10.1293955	5.336503
8a03d29fcfb1c097b99185ba46cd3670.csv	15.5531645	10.215801	5.3373635
60ce3bafb1dbb0a6aefe93f038ade79e.csv	15.56534	10.224423	5.340917
633fe5c4ce2ea95650e94898af022b5f.csv	15.473916	10.131218	5.342698
b0b55595622854fdc446a284120beeb9.csv	15.474881	10.131218	5.343663
af08c4a646d96b57fcb7cc91ec535ad4.csv	15.554809	10.208047	5.346762
9a92a8c7b8849e7cd2942a46e358fe71.csv	15.558179	10.208221	5.349958
e1f417ea97979611dd7f629dccbdcbc1.csv	15.404969	10.053432	5.351537
ea88e46d05e8d2509c91e1ea916c8caf.csv	15.408013	10.053432	5.354581
0e54fb7e579b366e818a10bb3e35258a.csv	15.629342	10.270117	5.359225
1862040e13a04bdd3555e236869c745c.csv	15.066845	9.693264	5.373581
f1e1829849cd03d32bc42a24e64fdeda.csv	15.069915	9.695614	5.374301
5b293c6fd273ed4de25b46adbd86a238.csv	15.069705	9.693264	5.376441
420751392204e5ec4b296aafd6860b17.csv	15.06259	9.676454	5.386136
1bb684c7fbf807ccc890c4a8df124c6e.csv	15.063543	9.675261	5.388282
5f4f28ba90dc0b3cb3837a1e7906e583.csv	15.431747	10.038897	5.39285
25cfe699cc59ca281397718ca77758d1.csv	15.382251	9.982971	5.39928
475ac333ce0247b80a19442643e317f9.csv	15.441991	10.039706	5.402285
a46c990f79fc98ace481827abe3df527.csv	15.725153	10.316383	5.40877
dc4653ad81b651f80514d0903100a12b.csv	15.4494095	10.039706	5.4097035
9ff2f74fae4b6885514a6284c816b89b.csv	15.486476	10.049967	5.436509
ef5bbfdf13deb42a9d6003655443022d.csv	15.476825	10.02144	5.455385
e96be6c5d55136f29aeddedca422a944.csv	15.535554	10.058091	5.477463
e1dd55c63913640b95fa63b6f4e2440e.csv	15.762349	10.277606	5.484743
0ee5707f6cd4918bf10ac160976ab984.csv	15.7569895	10.258596	5.4983935
06e825bd4981ea3b8ecab808467a62b7.csv	15.1710615	9.6574	5.5136615
cec040fbfbced1e652ed9480a0a1a702.csv	15.797302	10.27086	5.526442
74bdfc75402e2752a9ec23763e76a8d2.csv	15.229524	9.701533	5.527991
b374aa7c37b784092500032ee56f4493.csv	15.16854	9.637454	5.531086
8c9f2319b177080dc71ae33dd241022a.csv	15.171606	9.637454	5.534152
1714568e26812e8380085c08c928816b.csv	15.048773	9.485713	5.56306
a5a9e3e2c6c3cfb6583e42c5d3ea6e4b.csv	15.051862	9.485713	5.566149
79db6742f330f15fa95fba96b7dd0134.csv	15.052829	9.485713	5.567116
62f12552aeca599a313bdab6dd8f23da.csv	15.749452	10.119834	5.629618
0c3948566298f72baea16095748bbbbf.csv	15.518381	9.861775	5.656606
342b8c641a6122b92bf9cbe59a7228d4.csv	15.513051	9.842774	5.670277
0172b74566040af8a0f39fb13d32a0bc.csv	15.036542	9.351716	5.684826
9f097ea98ba6bf34b87966299037d42f.csv	15.148961	9.45671	5.692251
debc98fca6e1a3a3c92d7b060c0fd60c.csv	15.555	9.858488	5.696512
9327ab48af12a4256c1e3c3d6867b732.csv	15.079754	9.3737545	5.7059995
c33727521a6dce8dc0463f31b2012dc5.csv	15.081179	9.36269	5.718489
05d32b84f3388428d77d52cdf8647bd6.csv	15.084541	9.364833	5.719708
9d2c920282603335ec98aa4474a94af2.csv	15.74913	10.0259905	5.7231395